{"cameraMode":{"drawMode":0,"name":"Shaded","section":"Shading Mode"},"sceneLighting":true,"audioPlay":false,"sceneViewState":{"m_AlwaysRefresh":false,"showFog":true,"showSkybox":true,"showFlares":true,"showImageEffects":true,"showParticleSystems":true,"showVisualEffectGraphs":true,"m_FxEnabled":true},"in2DMode":false,"pivot":{"x":0.7947553396224976,"y":-3.7741925716400148,"z":2.410909652709961},"rotation":{"x":0.3564344048500061,"y":-0.040629494935274127,"z":0.01551600731909275,"w":0.9333099722862244},"size":12.12435531616211,"orthographic":false}